Insertion,Direction,CGGCGG Count,Other RR Count,Offset,Translation,URL
ins_1082:GGGCCGCCGGTGAAATACCACTAC,5'->3',0,1,1,GRR*NTT,https://cov-spectrum.org/explore/World/AllSamples/AllTimes/variants?nucInsertions=ins_1082%3AGGGCCGCCGGTGAAATACCACTAC
ins_1101:ATTTGACTTAGGCGACGAGCTTGG,5'->3',0,2,0,I*LRRRAW,https://cov-spectrum.org/explore/World/AllSamples/AllTimes/variants?nucInsertions=ins_1101%3AATTTGACTTAGGCGACGAGCTTGG
ins_31:CTCTTTCCCTACACGACGCTCTTC,5'->3',0,1,1,SFPTRRS,https://cov-spectrum.org/explore/World/AllSamples/AllTimes/variants?nucInsertions=ins_31%3ACTCTTTCCCTACACGACGCTCTTC
ins_22196:TCAGCGAGGCGACAACTTCGGTAG,5'->3',0,1,0,SARRQLR*,https://cov-spectrum.org/explore/World/AllSamples/AllTimes/variants?nucInsertions=ins_22196%3ATCAGCGAGGCGACAACTTCGGTAG
ins_29389:AAGAAGAAGGCTGATGAAACTCAA,5'->3',0,2,1,RRRLMKL,https://cov-spectrum.org/explore/World/AllSamples/AllTimes/variants?nucInsertions=ins_29389%3AAAGAAGAAGGCTGATGAAACTCAA
ins_22198:ACAGTAGGAGTAACAGTAGGAGGA,5'->3',0,1,2,SRSNSRR,https://cov-spectrum.org/explore/World/AllSamples/AllTimes/variants?nucInsertions=ins_22198%3AACAGTAGGAGTAACAGTAGGAGGA
ins_240:TGAGCTGGTAGCAGAACTCGAAGG,5'->3',0,1,0,*AGSRTRR,https://cov-spectrum.org/explore/World/AllSamples/AllTimes/variants?nucInsertions=ins_240%3ATGAGCTGGTAGCAGAACTCGAAGG
ins_27869:GGGCCGCCGGTGAAATACCACTAC,5'->3',0,1,1,GRR*NTT,https://cov-spectrum.org/explore/World/AllSamples/AllTimes/variants?nucInsertions=ins_27869%3AGGGCCGCCGGTGAAATACCACTAC
ins_3:TTTTCCCTCCACGACGCTCTTCAG,5'->3',0,1,2,FPPRRSS,https://cov-spectrum.org/explore/World/AllSamples/AllTimes/variants?nucInsertions=ins_3%3ATTTTCCCTCCACGACGCTCTTCAG
ins_6197:GGTAGATCTGCGGCAGGCGGAAGC,5'->3',0,1,2,*ICGRRK,https://cov-spectrum.org/explore/World/AllSamples/AllTimes/variants?nucInsertions=ins_6197%3AGGTAGATCTGCGGCAGGCGGAAGC
ins_23212:CACGCATCTGGGCGGCGGCCTCGC,5'->3',1,0,0,HASGRRPR,https://cov-spectrum.org/explore/World/AllSamples/AllTimes/variants?nucInsertions=ins_23212%3ACACGCATCTGGGCGGCGGCCTCGC
ins_1062:ATTTGACTTAGGCGACGAGCTTGG,5'->3',0,2,0,I*LRRRAW,https://cov-spectrum.org/explore/World/AllSamples/AllTimes/variants?nucInsertions=ins_1062%3AATTTGACTTAGGCGACGAGCTTGG
ins_29861:CAACAAGGAGACCGATTTGATGCT,5'->3',0,1,2,TRRPI*C,https://cov-spectrum.org/explore/World/AllSamples/AllTimes/variants?nucInsertions=ins_29861%3ACAACAAGGAGACCGATTTGATGCT
ins_8:CCAACCGAGGCTCCGCGGCGCTGC,5'->3',0,1,0,PTEAPRRC,https://cov-spectrum.org/explore/World/AllSamples/AllTimes/variants?nucInsertions=ins_8%3ACCAACCGAGGCTCCGCGGCGCTGC
ins_5:TACCCTACACGACGCGCTTCCGAT,5'->3',0,1,0,YPTRRASD,https://cov-spectrum.org/explore/World/AllSamples/AllTimes/variants?nucInsertions=ins_5%3ATACCCTACACGACGCGCTTCCGAT
ins_1964:CGTGTTTTACAGGTTCGCGACGTG,5'->3',0,1,2,CFTGSRR,https://cov-spectrum.org/explore/World/AllSamples/AllTimes/variants?nucInsertions=ins_1964%3ACGTGTTTTACAGGTTCGCGACGTG
ins_22519:AGAAGAGCAAGAAGAAGATTG,5'->3',0,3,0,RRARRRL,https://cov-spectrum.org/explore/World/AllSamples/AllTimes/variants?nucInsertions=ins_22519%3AAGAAGAGCAAGAAGAAGATTG
ins_3:TCCCTACACGACGCTCATCCG,5'->3',0,1,2,PTRRSS,https://cov-spectrum.org/explore/World/AllSamples/AllTimes/variants?nucInsertions=ins_3%3ATCCCTACACGACGCTCATCCG
ins_22204:GAGCCAGAAGCACCGTCGTCC,5'->3',0,1,1,SQKHRR,https://cov-spectrum.org/explore/World/AllSamples/AllTimes/variants?nucInsertions=ins_22204%3AGAGCCAGAAGCACCGTCGTCC
ins_27546:AACAGTCAGCGGAGGAAAAGA,5'->3',0,1,0,NSQRRKR,https://cov-spectrum.org/explore/World/AllSamples/AllTimes/variants?nucInsertions=ins_27546%3AAACAGTCAGCGGAGGAAAAGA
ins_22207:CCAGAAGATAAGGTAGAGAGG,5'->3',0,1,2,RR*GRE,https://cov-spectrum.org/explore/World/AllSamples/AllTimes/variants?nucInsertions=ins_22207%3ACCAGAAGATAAGGTAGAGAGG
ins_28:CAAGACGCAGTATTATTGGGT,5'->3',0,1,2,RRSIIG,https://cov-spectrum.org/explore/World/AllSamples/AllTimes/variants?nucInsertions=ins_28%3ACAAGACGCAGTATTATTGGGT
ins_22205:AGCCAGAAGAGAGCCAGAGGA,5'->3',0,1,1,ARREPE,https://cov-spectrum.org/explore/World/AllSamples/AllTimes/variants?nucInsertions=ins_22205%3AAGCCAGAAGAGAGCCAGAGGA
ins_29674:ACTTAGGCGACGAGCTTGGCA,5'->3',0,2,1,LRRRAW,https://cov-spectrum.org/explore/World/AllSamples/AllTimes/variants?nucInsertions=ins_29674%3AACTTAGGCGACGAGCTTGGCA
ins_29864:GTATTGCATAGACGGTGCTTT,5'->3',0,1,0,VLHRRCF,https://cov-spectrum.org/explore/World/AllSamples/AllTimes/variants?nucInsertions=ins_29864%3AGTATTGCATAGACGGTGCTTT
ins_22204:GAGCCAGAGACGCTTAGCAAA,5'->3',0,1,1,SQRRLA,https://cov-spectrum.org/explore/World/AllSamples/AllTimes/variants?nucInsertions=ins_22204%3AGAGCCAGAGACGCTTAGCAAA
ins_22206:GCCAGAAGATCGGAGGAGGTC,5'->3',0,1,0,ARRSEEV,https://cov-spectrum.org/explore/World/AllSamples/AllTimes/variants?nucInsertions=ins_22206%3AGCCAGAAGATCGGAGGAGGTC
ins_22206:GCCAGAAGATCGGAGGAGGTC,5'->3',0,2,1,PEDRRR,https://cov-spectrum.org/explore/World/AllSamples/AllTimes/variants?nucInsertions=ins_22206%3AGCCAGAAGATCGGAGGAGGTC
ins_23126:CTGTCCAACCTGAAGAAGAAT,5'->3',0,1,1,CPT*RR,https://cov-spectrum.org/explore/World/AllSamples/AllTimes/variants?nucInsertions=ins_23126%3ACTGTCCAACCTGAAGAAGAAT
ins_3741:GACTTAGGCGACGAGCTTGGC,5'->3',0,2,2,LRRRAW,https://cov-spectrum.org/explore/World/AllSamples/AllTimes/variants?nucInsertions=ins_3741%3AGACTTAGGCGACGAGCTTGGC
ins_10:CAGACGTGTGCTCTTCCGATC,5'->3',0,1,1,RRVLFR,https://cov-spectrum.org/explore/World/AllSamples/AllTimes/variants?nucInsertions=ins_10%3ACAGACGTGTGCTCTTCCGATC
ins_22206:GCCAGAAGATAAGACAGTAGG,5'->3',0,1,0,ARR*DSR,https://cov-spectrum.org/explore/World/AllSamples/AllTimes/variants?nucInsertions=ins_22206%3AGCCAGAAGATAAGACAGTAGG
ins_22304:TTCGAAGGGGTAGGCAGGGTG,5'->3',0,1,2,RRGRQG,https://cov-spectrum.org/explore/World/AllSamples/AllTimes/variants?nucInsertions=ins_22304%3ATTCGAAGGGGTAGGCAGGGTG
ins_520:AAGTCATTTGACTTAGGCGAC,5'->3',0,1,2,VI*LRR,https://cov-spectrum.org/explore/World/AllSamples/AllTimes/variants?nucInsertions=ins_520%3AAAGTCATTTGACTTAGGCGAC
ins_27471:CCTAGGAGGTGGGTAGGCTTC,5'->3',0,1,0,PRRWVGF,https://cov-spectrum.org/explore/World/AllSamples/AllTimes/variants?nucInsertions=ins_27471%3ACCTAGGAGGTGGGTAGGCTTC
ins_22206:GCCAGAAGACACACGTGGTGT,5'->3',0,1,0,ARRHTWC,https://cov-spectrum.org/explore/World/AllSamples/AllTimes/variants?nucInsertions=ins_22206%3AGCCAGAAGACACACGTGGTGT
ins_22204:GAGCCAGAAGAGCCAGAA,5'->3',0,1,2,ARRAR,https://cov-spectrum.org/explore/World/AllSamples/AllTimes/variants?nucInsertions=ins_22204%3AGAGCCAGAAGAGCCAGAA
ins_20487:TGTCGCCGGCGGAGTGGC,5'->3',1,1,0,CRRRSG,https://cov-spectrum.org/explore/World/AllSamples/AllTimes/variants?nucInsertions=ins_20487%3ATGTCGCCGGCGGAGTGGC
ins_22206:GCCAGAAGAGCCAGAAGG,5'->3',0,2,0,ARRARR,https://cov-spectrum.org/explore/World/AllSamples/AllTimes/variants?nucInsertions=ins_22206%3AGCCAGAAGAGCCAGAAGG
ins_22206:GCCAGAAGATCCAGCATG,5'->3',0,1,0,ARRSSM,https://cov-spectrum.org/explore/World/AllSamples/AllTimes/variants?nucInsertions=ins_22206%3AGCCAGAAGATCCAGCATG
ins_22206:GCCAGAAGAAATTTTGGG,5'->3',0,1,0,ARRNFG,https://cov-spectrum.org/explore/World/AllSamples/AllTimes/variants?nucInsertions=ins_22206%3AGCCAGAAGAAATTTTGGG
ins_22205:AGCCAGAAGAGCCAGAAC,5'->3',0,1,1,ARRAR,https://cov-spectrum.org/explore/World/AllSamples/AllTimes/variants?nucInsertions=ins_22205%3AAGCCAGAAGAGCCAGAAC
ins_27399:GTAGCGGCGAGCGAACAA,5'->3',0,1,1,*RRAN,https://cov-spectrum.org/explore/World/AllSamples/AllTimes/variants?nucInsertions=ins_27399%3AGTAGCGGCGAGCGAACAA
ins_22205:AGCCAGAAGAGCCAGAAA,5'->3',0,1,1,ARRAR,https://cov-spectrum.org/explore/World/AllSamples/AllTimes/variants?nucInsertions=ins_22205%3AAGCCAGAAGAGCCAGAAA
ins_26979:AGATCGGAAGAGCGTCGT,5'->3',0,1,0,RSEERR,https://cov-spectrum.org/explore/World/AllSamples/AllTimes/variants?nucInsertions=ins_26979%3AAGATCGGAAGAGCGTCGT
ins_22207:CCAGAAGATAATTTTGGG,5'->3',0,1,2,RR*FW,https://cov-spectrum.org/explore/World/AllSamples/AllTimes/variants?nucInsertions=ins_22207%3ACCAGAAGATAATTTTGGG
ins_22204:GAGCCAGAAGAGTCAGAA,5'->3',0,1,2,ARRVR,https://cov-spectrum.org/explore/World/AllSamples/AllTimes/variants?nucInsertions=ins_22204%3AGAGCCAGAAGAGTCAGAA
ins_22205:CGGCAGGCGCGGCAGGCT,5'->3',0,1,1,GRRGR,https://cov-spectrum.org/explore/World/AllSamples/AllTimes/variants?nucInsertions=ins_22205%3ACGGCAGGCGCGGCAGGCT
ins_22206:GCCAGAAGATGAAGAAGG,5'->3',0,2,0,ARR*RR,https://cov-spectrum.org/explore/World/AllSamples/AllTimes/variants?nucInsertions=ins_22206%3AGCCAGAAGATGAAGAAGG
ins_22206:GCCAGAAGATAATGTTGT,5'->3',0,1,0,ARR*CC,https://cov-spectrum.org/explore/World/AllSamples/AllTimes/variants?nucInsertions=ins_22206%3AGCCAGAAGATAATGTTGT
ins_3046:GATGAGGATGAAGAAGAA,5'->3',0,1,2,*G*RR,https://cov-spectrum.org/explore/World/AllSamples/AllTimes/variants?nucInsertions=ins_3046%3AGATGAGGATGAAGAAGAA
ins_22205:AGCCAGAAGAGCAGAAGA,5'->3',0,1,0,SQKSRR,https://cov-spectrum.org/explore/World/AllSamples/AllTimes/variants?nucInsertions=ins_22205%3AAGCCAGAAGAGCAGAAGA
ins_22205:AGCCAGAAGAGCAGAAGA,5'->3',0,1,1,ARRAE,https://cov-spectrum.org/explore/World/AllSamples/AllTimes/variants?nucInsertions=ins_22205%3AAGCCAGAAGAGCAGAAGA
ins_8094:CTTTACTTAGGAGGTATG,5'->3',0,1,2,LLRRY,https://cov-spectrum.org/explore/World/AllSamples/AllTimes/variants?nucInsertions=ins_8094%3ACTTTACTTAGGAGGTATG
ins_22205:AGCCAGAAGAGCGAAGGA,5'->3',0,1,1,ARRAK,https://cov-spectrum.org/explore/World/AllSamples/AllTimes/variants?nucInsertions=ins_22205%3AAGCCAGAAGAGCGAAGGA
ins_22205:AGCCAGAAGAGCGAAGGA,5'->3',0,1,2,PEERR,https://cov-spectrum.org/explore/World/AllSamples/AllTimes/variants?nucInsertions=ins_22205%3AAGCCAGAAGAGCGAAGGA
ins_22206:GCCAGAAGAGCCAGAAGT,5'->3',0,1,0,ARRARS,https://cov-spectrum.org/explore/World/AllSamples/AllTimes/variants?nucInsertions=ins_22206%3AGCCAGAAGAGCCAGAAGT
ins_22206:GCCAGAAGAAAATTGGGG,5'->3',0,1,0,ARRKLG,https://cov-spectrum.org/explore/World/AllSamples/AllTimes/variants?nucInsertions=ins_22206%3AGCCAGAAGAAAATTGGGG
ins_22198:CAAGAAGGCAACAGCGAG,5'->3',0,1,2,RRQQR,https://cov-spectrum.org/explore/World/AllSamples/AllTimes/variants?nucInsertions=ins_22198%3ACAAGAAGGCAACAGCGAG
ins_29736:AATTTGACTAAAGAAGGT,5'->3',0,1,2,FD*RR,https://cov-spectrum.org/explore/World/AllSamples/AllTimes/variants?nucInsertions=ins_29736%3AAATTTGACTAAAGAAGGT
ins_22206:GCCAGAAGAGCCAGAAGC,5'->3',0,1,0,ARRARS,https://cov-spectrum.org/explore/World/AllSamples/AllTimes/variants?nucInsertions=ins_22206%3AGCCAGAAGAGCCAGAAGC
ins_22206:GCCAGAAGAGGCTTTAGG,5'->3',0,1,0,ARRGFR,https://cov-spectrum.org/explore/World/AllSamples/AllTimes/variants?nucInsertions=ins_22206%3AGCCAGAAGAGGCTTTAGG
ins_15852:AGACGGGCAATTGAGTTG,5'->3',0,1,0,RRAIEL,https://cov-spectrum.org/explore/World/AllSamples/AllTimes/variants?nucInsertions=ins_15852%3AAGACGGGCAATTGAGTTG
ins_27288:AACGAAGAACAAAACGAA,5'->3',0,1,2,RRTKR,https://cov-spectrum.org/explore/World/AllSamples/AllTimes/variants?nucInsertions=ins_27288%3AAACGAAGAACAAAACGAA
ins_3055:GAAGAAGAAGGTGATTGT,5'->3',0,2,2,RRR*L,https://cov-spectrum.org/explore/World/AllSamples/AllTimes/variants?nucInsertions=ins_3055%3AGAAGAAGAAGGTGATTGT
ins_3046:GATGATGATGAAGAAGAA,5'->3',0,1,2,***RR,https://cov-spectrum.org/explore/World/AllSamples/AllTimes/variants?nucInsertions=ins_3046%3AGATGATGATGAAGAAGAA
ins_3:GACCACGACGCTCTTCCG,5'->3',0,1,2,PRRSS,https://cov-spectrum.org/explore/World/AllSamples/AllTimes/variants?nucInsertions=ins_3%3AGACCACGACGCTCTTCCG
ins_22206:GCCAGAAGAAACTTGGGG,5'->3',0,1,0,ARRNLG,https://cov-spectrum.org/explore/World/AllSamples/AllTimes/variants?nucInsertions=ins_22206%3AGCCAGAAGAAACTTGGGG
ins_22198:CAGCCGGCACAGGAGGAG,5'->3',0,1,1,SRHRR,https://cov-spectrum.org/explore/World/AllSamples/AllTimes/variants?nucInsertions=ins_22198%3ACAGCCGGCACAGGAGGAG
ins_22206:GCCAGAAGAGACAATGGG,5'->3',0,1,0,ARRDNG,https://cov-spectrum.org/explore/World/AllSamples/AllTimes/variants?nucInsertions=ins_22206%3AGCCAGAAGAGACAATGGG
ins_23636:GATCGGAAGAGCGTCGTG,5'->3',0,1,2,SEERR,https://cov-spectrum.org/explore/World/AllSamples/AllTimes/variants?nucInsertions=ins_23636%3AGATCGGAAGAGCGTCGTG
ins_21994:CGCAGAGGGGGATCTGTG,5'->3',0,1,0,RRGGSV,https://cov-spectrum.org/explore/World/AllSamples/AllTimes/variants?nucInsertions=ins_21994%3ACGCAGAGGGGGATCTGTG
ins_22208:CAGAAGATCAGCTGGCTT,5'->3',0,1,1,RRSAG,https://cov-spectrum.org/explore/World/AllSamples/AllTimes/variants?nucInsertions=ins_22208%3ACAGAAGATCAGCTGGCTT
ins_7060:TACAGAGAAGGCTATTGT,5'->3',0,1,2,QRRLL,https://cov-spectrum.org/explore/World/AllSamples/AllTimes/variants?nucInsertions=ins_7060%3ATACAGAGAAGGCTATTGT
ins_28082:GCTCGGAGATGTGTATAA,5'->3',0,1,0,ARRCV*,https://cov-spectrum.org/explore/World/AllSamples/AllTimes/variants?nucInsertions=ins_28082%3AGCTCGGAGATGTGTATAA
ins_17:GCGGAGGAGCGAGGAGGA,5'->3',0,1,1,RRSEE,https://cov-spectrum.org/explore/World/AllSamples/AllTimes/variants?nucInsertions=ins_17%3AGCGGAGGAGCGAGGAGGA
ins_17:GCGGAGGAGCGAGGAGGA,5'->3',0,1,2,GGARR,https://cov-spectrum.org/explore/World/AllSamples/AllTimes/variants?nucInsertions=ins_17%3AGCGGAGGAGCGAGGAGGA
ins_22208:CAGAAGATCGTCGCGCAT,5'->3',0,1,1,RRSSR,https://cov-spectrum.org/explore/World/AllSamples/AllTimes/variants?nucInsertions=ins_22208%3ACAGAAGATCGTCGCGCAT
ins_22208:CAGAAGATCGTCGCGCAT,5'->3',0,1,2,EDRRA,https://cov-spectrum.org/explore/World/AllSamples/AllTimes/variants?nucInsertions=ins_22208%3ACAGAAGATCGTCGCGCAT
ins_22205:AGCCAGAAGAGCCAGAAT,5'->3',0,1,1,ARRAR,https://cov-spectrum.org/explore/World/AllSamples/AllTimes/variants?nucInsertions=ins_22205%3AAGCCAGAAGAGCCAGAAT
ins_22204:AGCAGAAGGTTTTGTAAA,5'->3',0,1,0,SRRFCK,https://cov-spectrum.org/explore/World/AllSamples/AllTimes/variants?nucInsertions=ins_22204%3AAGCAGAAGGTTTTGTAAA
ins_1312:ACTAAAGAAGGTGCC,5'->3',0,1,2,*RRC,https://cov-spectrum.org/explore/World/AllSamples/AllTimes/variants?nucInsertions=ins_1312%3AACTAAAGAAGGTGCC
ins_29781:TGAGGAGGGGACAGA,5'->3',0,1,2,RRGQ,https://cov-spectrum.org/explore/World/AllSamples/AllTimes/variants?nucInsertions=ins_29781%3ATGAGGAGGGGACAGA
ins_29654:AAGGTTCCGAAGGTC,5'->3',0,1,1,RFRR,https://cov-spectrum.org/explore/World/AllSamples/AllTimes/variants?nucInsertions=ins_29654%3AAAGGTTCCGAAGGTC
ins_22208:CAGAAGACCAGAAGA,5'->3',0,1,0,QKTRR,https://cov-spectrum.org/explore/World/AllSamples/AllTimes/variants?nucInsertions=ins_22208%3ACAGAAGACCAGAAGA
ins_22208:CAGAAGACCAGAAGA,5'->3',0,1,1,RRPE,https://cov-spectrum.org/explore/World/AllSamples/AllTimes/variants?nucInsertions=ins_22208%3ACAGAAGACCAGAAGA
ins_559:TCTTACGAAGAAGAA,5'->3',0,2,2,LRRR,https://cov-spectrum.org/explore/World/AllSamples/AllTimes/variants?nucInsertions=ins_559%3ATCTTACGAAGAAGAA
ins_23710:GCGCCGATCTAAAGT,5'->3',0,1,1,RRSK,https://cov-spectrum.org/explore/World/AllSamples/AllTimes/variants?nucInsertions=ins_23710%3AGCGCCGATCTAAAGT
ins_29844:CGCTGCCGACGATGG,5'->3',0,1,0,RCRRW,https://cov-spectrum.org/explore/World/AllSamples/AllTimes/variants?nucInsertions=ins_29844%3ACGCTGCCGACGATGG
ins_22208:GAGAAGACCAGAAGA,5'->3',0,1,0,EKTRR,https://cov-spectrum.org/explore/World/AllSamples/AllTimes/variants?nucInsertions=ins_22208%3AGAGAAGACCAGAAGA
ins_22208:GAGAAGACCAGAAGA,5'->3',0,1,1,RRPE,https://cov-spectrum.org/explore/World/AllSamples/AllTimes/variants?nucInsertions=ins_22208%3AGAGAAGACCAGAAGA
ins_22120:TCCCGAGGCGAAGTG,5'->3',0,1,2,PRRS,https://cov-spectrum.org/explore/World/AllSamples/AllTimes/variants?nucInsertions=ins_22120%3ATCCCGAGGCGAAGTG
ins_28082:CGGAGATGTGTATAA,5'->3',0,1,0,RRCV*,https://cov-spectrum.org/explore/World/AllSamples/AllTimes/variants?nucInsertions=ins_28082%3ACGGAGATGTGTATAA
ins_13:GACTCGCCGTCACTC,5'->3',0,1,1,TRRH,https://cov-spectrum.org/explore/World/AllSamples/AllTimes/variants?nucInsertions=ins_13%3AGACTCGCCGTCACTC
ins_29746:AAAGAAGGTGCCACT,5'->3',0,1,2,RRCH,https://cov-spectrum.org/explore/World/AllSamples/AllTimes/variants?nucInsertions=ins_29746%3AAAAGAAGGTGCCACT
ins_9:CTGTTGGCGTCGCTC,5'->3',0,1,1,CWRR,https://cov-spectrum.org/explore/World/AllSamples/AllTimes/variants?nucInsertions=ins_9%3ACTGTTGGCGTCGCTC
ins_22208:CAGAAGAGCCGAAGA,5'->3',0,1,0,QKSRR,https://cov-spectrum.org/explore/World/AllSamples/AllTimes/variants?nucInsertions=ins_22208%3ACAGAAGAGCCGAAGA
ins_22208:CAGAAGAGCCGAAGA,5'->3',0,1,1,RRAE,https://cov-spectrum.org/explore/World/AllSamples/AllTimes/variants?nucInsertions=ins_22208%3ACAGAAGAGCCGAAGA
ins_21608:TCATGCCGCCGCTGT,5'->3',0,1,0,SCRRC,https://cov-spectrum.org/explore/World/AllSamples/AllTimes/variants?nucInsertions=ins_21608%3ATCATGCCGCCGCTGT
ins_28707:AAACAACGTCGGCCC,5'->3',0,1,0,KQRRP,https://cov-spectrum.org/explore/World/AllSamples/AllTimes/variants?nucInsertions=ins_28707%3AAAACAACGTCGGCCC
ins_28984:ACCAGACGAATTCGT,5'->3',0,1,0,TRRIR,https://cov-spectrum.org/explore/World/AllSamples/AllTimes/variants?nucInsertions=ins_28984%3AACCAGACGAATTCGT
ins_5:AACAACGTCGGCCCC,5'->3',0,1,2,QRRP,https://cov-spectrum.org/explore/World/AllSamples/AllTimes/variants?nucInsertions=ins_5%3AAACAACGTCGGCCCC
ins_22204:GCCAGAAGAGCAGAA,5'->3',0,1,0,ARRAE,https://cov-spectrum.org/explore/World/AllSamples/AllTimes/variants?nucInsertions=ins_22204%3AGCCAGAAGAGCAGAA
ins_27393:ACAGAAGGCCGCTAT,5'->3',0,1,2,RRPL,https://cov-spectrum.org/explore/World/AllSamples/AllTimes/variants?nucInsertions=ins_27393%3AACAGAAGGCCGCTAT
ins_22038:AGAGCAAGAAGAAGA,5'->3',0,2,0,RARRR,https://cov-spectrum.org/explore/World/AllSamples/AllTimes/variants?nucInsertions=ins_22038%3AAGAGCAAGAAGAAGA
ins_22204:CAGAAGGTTTCAGAA,5'->3',0,1,1,RRFQ,https://cov-spectrum.org/explore/World/AllSamples/AllTimes/variants?nucInsertions=ins_22204%3ACAGAAGGTTTCAGAA
ins_22208:CAGAAGAGCTAGAAG,5'->3',0,1,1,RRAR,https://cov-spectrum.org/explore/World/AllSamples/AllTimes/variants?nucInsertions=ins_22208%3ACAGAAGAGCTAGAAG
ins_15:TTCGCCGCCCTCCGG,5'->3',0,1,2,RRPP,https://cov-spectrum.org/explore/World/AllSamples/AllTimes/variants?nucInsertions=ins_15%3ATTCGCCGCCCTCCGG
ins_2168:TAGAAGACTCATCTC,5'->3',0,1,1,RRLI,https://cov-spectrum.org/explore/World/AllSamples/AllTimes/variants?nucInsertions=ins_2168%3ATAGAAGACTCATCTC
ins_22120:ACCCCAGCCGGAGGC,5'->3',0,1,2,PSRR,https://cov-spectrum.org/explore/World/AllSamples/AllTimes/variants?nucInsertions=ins_22120%3AACCCCAGCCGGAGGC
ins_27870:ATGAGGAGAGGGAAC,5'->3',0,1,0,MRRGN,https://cov-spectrum.org/explore/World/AllSamples/AllTimes/variants?nucInsertions=ins_27870%3AATGAGGAGAGGGAAC
ins_22208:CAGAAGAGCCAGAAG,5'->3',0,1,1,RRAR,https://cov-spectrum.org/explore/World/AllSamples/AllTimes/variants?nucInsertions=ins_22208%3ACAGAAGAGCCAGAAG
ins_2:ACACGACGCTATTCC,5'->3',0,1,0,TRRYS,https://cov-spectrum.org/explore/World/AllSamples/AllTimes/variants?nucInsertions=ins_2%3AACACGACGCTATTCC
ins_21608:TCATGCCGCCGT,5'->3',0,1,0,SCRR,https://cov-spectrum.org/explore/World/AllSamples/AllTimes/variants?nucInsertions=ins_21608%3ATCATGCCGCCGT
ins_22204:TGGCGGCGGCGG,5'->3',2,0,0,WRRR,https://cov-spectrum.org/explore/World/AllSamples/AllTimes/variants?nucInsertions=ins_22204%3ATGGCGGCGGCGG
ins_23603:ATCCGAAGAACG,5'->3',0,1,0,IRRT,https://cov-spectrum.org/explore/World/AllSamples/AllTimes/variants?nucInsertions=ins_23603%3AATCCGAAGAACG
ins_27549:ACCAGACGAATT,5'->3',0,1,0,TRRI,https://cov-spectrum.org/explore/World/AllSamples/AllTimes/variants?nucInsertions=ins_27549%3AACCAGACGAATT
ins_27409:GAGGAGGAGGAG,5'->3',0,2,1,RRR,https://cov-spectrum.org/explore/World/AllSamples/AllTimes/variants?nucInsertions=ins_27409%3AGAGGAGGAGGAG
ins_22198:AACAGTAGGAGG,5'->3',0,1,0,NSRR,https://cov-spectrum.org/explore/World/AllSamples/AllTimes/variants?nucInsertions=ins_22198%3AAACAGTAGGAGG
ins_22306:AGCGGAGACCGG,5'->3',0,1,2,RRP,https://cov-spectrum.org/explore/World/AllSamples/AllTimes/variants?nucInsertions=ins_22306%3AAGCGGAGACCGG
ins_22345:TCGACGGTAGTG,5'->3',0,1,1,RR*,https://cov-spectrum.org/explore/World/AllSamples/AllTimes/variants?nucInsertions=ins_22345%3ATCGACGGTAGTG
ins_9:ACGGCGCCGATC,5'->3',0,2,1,RRR,https://cov-spectrum.org/explore/World/AllSamples/AllTimes/variants?nucInsertions=ins_9%3AACGGCGCCGATC
ins_78:CGAGATAGAAGA,5'->3',0,1,0,RDRR,https://cov-spectrum.org/explore/World/AllSamples/AllTimes/variants?nucInsertions=ins_78%3ACGAGATAGAAGA
ins_22205:GTGAGAAGGCAT,5'->3',0,1,0,VRRH,https://cov-spectrum.org/explore/World/AllSamples/AllTimes/variants?nucInsertions=ins_22205%3AGTGAGAAGGCAT
ins_11:CTACGCAGAAGG,5'->3',0,2,0,LRRR,https://cov-spectrum.org/explore/World/AllSamples/AllTimes/variants?nucInsertions=ins_11%3ACTACGCAGAAGG
ins_8577:CAACGCGGCGTG,5'->3',0,1,2,TRR,https://cov-spectrum.org/explore/World/AllSamples/AllTimes/variants?nucInsertions=ins_8577%3ACAACGCGGCGTG
ins_22198:ACTGGGAGGAGA,5'->3',0,1,0,TGRR,https://cov-spectrum.org/explore/World/AllSamples/AllTimes/variants?nucInsertions=ins_22198%3AACTGGGAGGAGA
ins_28209:CCGAAGAACGCT,5'->3',0,1,1,RRT,https://cov-spectrum.org/explore/World/AllSamples/AllTimes/variants?nucInsertions=ins_28209%3ACCGAAGAACGCT
ins_22197:CAGAGAGACGGC,5'->3',0,1,2,ERR,https://cov-spectrum.org/explore/World/AllSamples/AllTimes/variants?nucInsertions=ins_22197%3ACAGAGAGACGGC
ins_13378:GCAGACGGTACA,5'->3',0,1,2,RRY,https://cov-spectrum.org/explore/World/AllSamples/AllTimes/variants?nucInsertions=ins_13378%3AGCAGACGGTACA
ins_22198:ACCCTCGGCGGA,5'->3',1,0,2,PRR,https://cov-spectrum.org/explore/World/AllSamples/AllTimes/variants?nucInsertions=ins_22198%3AACCCTCGGCGGA
ins_11581:GGCGGCGGCGAG,5'->3',1,1,2,RRR,https://cov-spectrum.org/explore/World/AllSamples/AllTimes/variants?nucInsertions=ins_11581%3AGGCGGCGGCGAG
ins_6507:AGGAGAGAGGAG,5'->3',0,1,0,RREE,https://cov-spectrum.org/explore/World/AllSamples/AllTimes/variants?nucInsertions=ins_6507%3AAGGAGAGAGGAG
ins_22204:CACGGGCGGCGG,5'->3',1,0,0,HGRR,https://cov-spectrum.org/explore/World/AllSamples/AllTimes/variants?nucInsertions=ins_22204%3ACACGGGCGGCGG
ins_20484:GAGGCGGTCAAT,5'->3',0,1,1,RRS,https://cov-spectrum.org/explore/World/AllSamples/AllTimes/variants?nucInsertions=ins_20484%3AGAGGCGGTCAAT
ins_21608:TCACGCCGCTGT,5'->3',0,1,0,SRRC,https://cov-spectrum.org/explore/World/AllSamples/AllTimes/variants?nucInsertions=ins_21608%3ATCACGCCGCTGT
ins_3639:GGGGCCGACGTT,5'->3',0,1,2,GRR,https://cov-spectrum.org/explore/World/AllSamples/AllTimes/variants?nucInsertions=ins_3639%3AGGGGCCGACGTT
ins_29733:GGAGGAGGCGGA,5'->3',0,2,2,RRR,https://cov-spectrum.org/explore/World/AllSamples/AllTimes/variants?nucInsertions=ins_29733%3AGGAGGAGGCGGA
ins_1312:TAAAGAAGGTGC,5'->3',0,1,0,*RRC,https://cov-spectrum.org/explore/World/AllSamples/AllTimes/variants?nucInsertions=ins_1312%3ATAAAGAAGGTGC
ins_21608:TCACGCCGCTGC,5'->3',0,1,0,SRRC,https://cov-spectrum.org/explore/World/AllSamples/AllTimes/variants?nucInsertions=ins_21608%3ATCACGCCGCTGC
ins_29734:GAAAAAGGCGTT,5'->3',0,1,2,KRR,https://cov-spectrum.org/explore/World/AllSamples/AllTimes/variants?nucInsertions=ins_29734%3AGAAAAAGGCGTT
ins_22198:CGGGCGACGCGG,5'->3',0,1,1,GRR,https://cov-spectrum.org/explore/World/AllSamples/AllTimes/variants?nucInsertions=ins_22198%3ACGGGCGACGCGG
ins_22198:GAGCGGAGAGCG,5'->3',0,1,0,ERRA,https://cov-spectrum.org/explore/World/AllSamples/AllTimes/variants?nucInsertions=ins_22198%3AGAGCGGAGAGCG
ins_21639:CATCGAGAAGAA,5'->3',0,1,2,SRR,https://cov-spectrum.org/explore/World/AllSamples/AllTimes/variants?nucInsertions=ins_21639%3ACATCGAGAAGAA
ins_25076:CCGCCGCTAACC,5'->3',0,1,1,RR*,https://cov-spectrum.org/explore/World/AllSamples/AllTimes/variants?nucInsertions=ins_25076%3ACCGCCGCTAACC
ins_22305:CGCAGGGACCGG,5'->3',0,1,0,RRDR,https://cov-spectrum.org/explore/World/AllSamples/AllTimes/variants?nucInsertions=ins_22305%3ACGCAGGGACCGG
ins_22101:CAGCAGAGGCGG,5'->3',0,1,0,QQRR,https://cov-spectrum.org/explore/World/AllSamples/AllTimes/variants?nucInsertions=ins_22101%3ACAGCAGAGGCGG
ins_29793:CAAGAAGGTATG,5'->3',0,1,2,RRY,https://cov-spectrum.org/explore/World/AllSamples/AllTimes/variants?nucInsertions=ins_29793%3ACAAGAAGGTATG
ins_22198:ACACTAGGAGGA,5'->3',0,1,2,TRR,https://cov-spectrum.org/explore/World/AllSamples/AllTimes/variants?nucInsertions=ins_22198%3AACACTAGGAGGA
ins_26184:AGGAGAGGAGCG,5'->3',0,1,0,RRGA,https://cov-spectrum.org/explore/World/AllSamples/AllTimes/variants?nucInsertions=ins_26184%3AAGGAGAGGAGCG
ins_20488:TAGGAGGCTCGG,5'->3',0,1,1,RRL,https://cov-spectrum.org/explore/World/AllSamples/AllTimes/variants?nucInsertions=ins_20488%3ATAGGAGGCTCGG
ins_22198:AAAGTAGGAGGA,5'->3',0,1,2,SRR,https://cov-spectrum.org/explore/World/AllSamples/AllTimes/variants?nucInsertions=ins_22198%3AAAAGTAGGAGGA
ins_16:CCGCTCGCCGGA,5'->3',0,1,2,ARR,https://cov-spectrum.org/explore/World/AllSamples/AllTimes/variants?nucInsertions=ins_16%3ACCGCTCGCCGGA
ins_27297:AAAGGCGACGGC,5'->3',0,2,2,RRR,https://cov-spectrum.org/explore/World/AllSamples/AllTimes/variants?nucInsertions=ins_27297%3AAAAGGCGACGGC
ins_20487:CGGGTCGGAGGG,5'->3',0,1,2,GRR,https://cov-spectrum.org/explore/World/AllSamples/AllTimes/variants?nucInsertions=ins_20487%3ACGGGTCGGAGGG
ins_6064:TCGCCGGCGGCT,5'->3',1,1,1,RRR,https://cov-spectrum.org/explore/World/AllSamples/AllTimes/variants?nucInsertions=ins_6064%3ATCGCCGGCGGCT
ins_27408:CAGCGAGGCGGG,5'->3',0,1,2,ARR,https://cov-spectrum.org/explore/World/AllSamples/AllTimes/variants?nucInsertions=ins_27408%3ACAGCGAGGCGGG
ins_27300:GCCGAGGAGAAA,5'->3',0,1,1,PRR,https://cov-spectrum.org/explore/World/AllSamples/AllTimes/variants?nucInsertions=ins_27300%3AGCCGAGGAGAAA
ins_25688:GTTGGAGAAGGT,5'->3',0,1,2,WRR,https://cov-spectrum.org/explore/World/AllSamples/AllTimes/variants?nucInsertions=ins_25688%3AGTTGGAGAAGGT
ins_22198:GCAGCGGCGATG,5'->3',0,1,1,QRR,https://cov-spectrum.org/explore/World/AllSamples/AllTimes/variants?nucInsertions=ins_22198%3AGCAGCGGCGATG
ins_22204:AGGCGTGCAACA,5'->3',0,1,0,RRAT,https://cov-spectrum.org/explore/World/AllSamples/AllTimes/variants?nucInsertions=ins_22204%3AAGGCGTGCAACA
ins_22204:AGACGGGCGATT,5'->3',0,1,0,RRAI,https://cov-spectrum.org/explore/World/AllSamples/AllTimes/variants?nucInsertions=ins_22204%3AAGACGGGCGATT
ins_22198:GAGGCGGTCAAT,5'->3',0,1,1,RRS,https://cov-spectrum.org/explore/World/AllSamples/AllTimes/variants?nucInsertions=ins_22198%3AGAGGCGGTCAAT
ins_21619:CAGAAGAGGTTA,5'->3',0,1,1,RRG,https://cov-spectrum.org/explore/World/AllSamples/AllTimes/variants?nucInsertions=ins_21619%3ACAGAAGAGGTTA
ins_22199:TACAGAAGAGGT,5'->3',0,1,0,YRRG,https://cov-spectrum.org/explore/World/AllSamples/AllTimes/variants?nucInsertions=ins_22199%3ATACAGAAGAGGT
ins_22198:ACAGTAGGAGGA,5'->3',0,1,2,SRR,https://cov-spectrum.org/explore/World/AllSamples/AllTimes/variants?nucInsertions=ins_22198%3AACAGTAGGAGGA
ins_6440:GGAGCGTCGGGC,5'->3',0,1,1,ERR,https://cov-spectrum.org/explore/World/AllSamples/AllTimes/variants?nucInsertions=ins_6440%3AGGAGCGTCGGGC
ins_22204:AGACGTGTATCG,5'->3',0,1,0,RRVS,https://cov-spectrum.org/explore/World/AllSamples/AllTimes/variants?nucInsertions=ins_22204%3AAGACGTGTATCG
ins_1082:GGGCCGCCGGTGAAATACCACTAC,3'->5',0,1,0,VVVFHRRP,https://cov-spectrum.org/explore/World/AllSamples/AllTimes/variants?nucInsertions=ins_1082%3AGGGCCGCCGGTGAAATACCACTAC
ins_1101:ATTTGACTTAGGCGACGAGCTTGG,3'->5',0,1,1,QARRLSQ,https://cov-spectrum.org/explore/World/AllSamples/AllTimes/variants?nucInsertions=ins_1101%3AATTTGACTTAGGCGACGAGCTTGG
ins_31:CTCTTTCCCTACACGACGCTCTTC,3'->5',0,1,0,EERRVGKE,https://cov-spectrum.org/explore/World/AllSamples/AllTimes/variants?nucInsertions=ins_31%3ACTCTTTCCCTACACGACGCTCTTC
ins_30:TTTCAGACTTGTGCTCTCCGATCT,3'->5',0,1,1,DRRAQV*,https://cov-spectrum.org/explore/World/AllSamples/AllTimes/variants?nucInsertions=ins_30%3ATTTCAGACTTGTGCTCTCCGATCT
ins_3460:AAACACCTCCTCCATGTTTAAGGT,3'->5',0,1,1,P*TWRRC,https://cov-spectrum.org/explore/World/AllSamples/AllTimes/variants?nucInsertions=ins_3460%3AAAACACCTCCTCCATGTTTAAGGT
ins_21716:CTAACTCCTTTCTTCTTCCTCACA,3'->5',0,1,2,*GRRKEL,https://cov-spectrum.org/explore/World/AllSamples/AllTimes/variants?nucInsertions=ins_21716%3ACTAACTCCTTTCTTCTTCCTCACA
ins_29081:ATACTGCGTCTTGGTTCACCGCTC,3'->5',0,1,1,SGEPRRS,https://cov-spectrum.org/explore/World/AllSamples/AllTimes/variants?nucInsertions=ins_29081%3AATACTGCGTCTTGGTTCACCGCTC
ins_29766:GCTTACCGCAAGGTTCTTCTTCGT,3'->5',0,2,1,RRRTLR*,https://cov-spectrum.org/explore/World/AllSamples/AllTimes/variants?nucInsertions=ins_29766%3AGCTTACCGCAAGGTTCTTCTTCGT
ins_27869:GGGCCGCCGGTGAAATACCACTAC,3'->5',0,1,0,VVVFHRRP,https://cov-spectrum.org/explore/World/AllSamples/AllTimes/variants?nucInsertions=ins_27869%3AGGGCCGCCGGTGAAATACCACTAC
ins_3:TTTTCCCTCCACGACGCTCTTCAG,3'->5',0,1,2,EERRGGK,https://cov-spectrum.org/explore/World/AllSamples/AllTimes/variants?nucInsertions=ins_3%3ATTTTCCCTCCACGACGCTCTTCAG
ins_6197:GGTAGATCTGCGGCAGGCGGAAGC,3'->5',0,1,0,ASACRRST,https://cov-spectrum.org/explore/World/AllSamples/AllTimes/variants?nucInsertions=ins_6197%3AGGTAGATCTGCGGCAGGCGGAAGC
ins_23212:CACGCATCTGGGCGGCGGCCTCGC,3'->5',1,0,0,ARPPPRCV,https://cov-spectrum.org/explore/World/AllSamples/AllTimes/variants?nucInsertions=ins_23212%3ACACGCATCTGGGCGGCGGCCTCGC
ins_23212:CACGCATCTGGGCGGCGGCCTCGC,3'->5',0,1,1,RGRRPDA,https://cov-spectrum.org/explore/World/AllSamples/AllTimes/variants?nucInsertions=ins_23212%3ACACGCATCTGGGCGGCGGCCTCGC
ins_21764:AAAGAACCTTGCTCTTCTGGAACG,3'->5',0,1,0,RSRRARFF,https://cov-spectrum.org/explore/World/AllSamples/AllTimes/variants?nucInsertions=ins_21764%3AAAAGAACCTTGCTCTTCTGGAACG
ins_21763:AAAAGAACCTTGCTCTTCTGGAAC,3'->5',0,1,2,SRRARFF,https://cov-spectrum.org/explore/World/AllSamples/AllTimes/variants?nucInsertions=ins_21763%3AAAAAGAACCTTGCTCTTCTGGAAC
ins_1062:ATTTGACTTAGGCGACGAGCTTGG,3'->5',0,1,1,QARRLSQ,https://cov-spectrum.org/explore/World/AllSamples/AllTimes/variants?nucInsertions=ins_1062%3AATTTGACTTAGGCGACGAGCTTGG
ins_8:CCAACCGAGGCTCCGCGGCGCTGC,3'->5',0,1,1,QRRGASV,https://cov-spectrum.org/explore/World/AllSamples/AllTimes/variants?nucInsertions=ins_8%3ACCAACCGAGGCTCCGCGGCGCTGC
ins_29866:GGATCTCGTATGCCGTCTTCTGCT,3'->5',0,2,0,SRRRHTRS,https://cov-spectrum.org/explore/World/AllSamples/AllTimes/variants?nucInsertions=ins_29866%3AGGATCTCGTATGCCGTCTTCTGCT
ins_5:TACCCTACACGACGCGCTTCCGAT,3'->5',0,1,1,SEARRVG,https://cov-spectrum.org/explore/World/AllSamples/AllTimes/variants?nucInsertions=ins_5%3ATACCCTACACGACGCGCTTCCGAT
ins_1964:CGTGTTTTACAGGTTCGCGACGTG,3'->5',0,1,2,RREPVKH,https://cov-spectrum.org/explore/World/AllSamples/AllTimes/variants?nucInsertions=ins_1964%3ACGTGTTTTACAGGTTCGCGACGTG
ins_28976:ATACTGCGTCTTGGTTCACCG,3'->5',0,1,1,GEPRRS,https://cov-spectrum.org/explore/World/AllSamples/AllTimes/variants?nucInsertions=ins_28976%3AATACTGCGTCTTGGTTCACCG
ins_3:TCCCTACACGACGCTCATCCG,3'->5',0,1,2,DERRVG,https://cov-spectrum.org/explore/World/AllSamples/AllTimes/variants?nucInsertions=ins_3%3ATCCCTACACGACGCTCATCCG
ins_22204:GAGCCAGAAGCACCGTCGTCC,3'->5',0,1,0,GRRCFWL,https://cov-spectrum.org/explore/World/AllSamples/AllTimes/variants?nucInsertions=ins_22204%3AGAGCCAGAAGCACCGTCGTCC
ins_22714:GGTGATTCTTCTTCAGGTTGG,3'->5',0,1,0,PT*RRIT,https://cov-spectrum.org/explore/World/AllSamples/AllTimes/variants?nucInsertions=ins_22714%3AGGTGATTCTTCTTCAGGTTGG
ins_21607:GTCATGCCGCTGTTCTCCGCT,3'->5',0,1,2,RRTAA*,https://cov-spectrum.org/explore/World/AllSamples/AllTimes/variants?nucInsertions=ins_21607%3AGTCATGCCGCTGTTCTCCGCT
ins_8100:TCTTCTTTGCTCAGGATGGTA,3'->5',0,1,0,YHPEQRR,https://cov-spectrum.org/explore/World/AllSamples/AllTimes/variants?nucInsertions=ins_8100%3ATCTTCTTTGCTCAGGATGGTA
ins_29674:ACTTAGGCGACGAGCTTGGCA,3'->5',0,1,0,CQARRLS,https://cov-spectrum.org/explore/World/AllSamples/AllTimes/variants?nucInsertions=ins_29674%3AACTTAGGCGACGAGCTTGGCA
ins_28889:ATACTGCGTCTTGGTTCACCG,3'->5',0,1,1,GEPRRS,https://cov-spectrum.org/explore/World/AllSamples/AllTimes/variants?nucInsertions=ins_28889%3AATACTGCGTCTTGGTTCACCG
ins_28880:TACCCAATAATACTGCGTCTT,3'->5',0,1,1,RRSIIG,https://cov-spectrum.org/explore/World/AllSamples/AllTimes/variants?nucInsertions=ins_28880%3ATACCCAATAATACTGCGTCTT
ins_6275:GATCGGAAGAGCACACGTCTG,3'->5',0,1,1,RRVLFR,https://cov-spectrum.org/explore/World/AllSamples/AllTimes/variants?nucInsertions=ins_6275%3AGATCGGAAGAGCACACGTCTG
ins_16509:GCGTGTTTCTTCTGCATGTGC,3'->5',0,1,2,TCRRNT,https://cov-spectrum.org/explore/World/AllSamples/AllTimes/variants?nucInsertions=ins_16509%3AGCGTGTTTCTTCTGCATGTGC
ins_28880:TGCCCAATAATACTGCGTCTT,3'->5',0,1,1,RRSIIG,https://cov-spectrum.org/explore/World/AllSamples/AllTimes/variants?nucInsertions=ins_28880%3ATGCCCAATAATACTGCGTCTT
ins_3741:GACTTAGGCGACGAGCTTGGC,3'->5',0,1,2,QARRLS,https://cov-spectrum.org/explore/World/AllSamples/AllTimes/variants?nucInsertions=ins_3741%3AGACTTAGGCGACGAGCTTGGC
ins_28882:CCCAATAATACTGCGTCTTTG,3'->5',0,1,0,QRRSIIG,https://cov-spectrum.org/explore/World/AllSamples/AllTimes/variants?nucInsertions=ins_28882%3ACCCAATAATACTGCGTCTTTG
ins_13097:GATCGGAAGAGCACACGTCTG,3'->5',0,1,1,RRVLFR,https://cov-spectrum.org/explore/World/AllSamples/AllTimes/variants?nucInsertions=ins_13097%3AGATCGGAAGAGCACACGTCTG
ins_22714:GTTGATTCTTCTTCAGGTTGG,3'->5',0,1,0,PT*RRIN,https://cov-spectrum.org/explore/World/AllSamples/AllTimes/variants?nucInsertions=ins_22714%3AGTTGATTCTTCTTCAGGTTGG
ins_20487:TGTCGCCGGCGGAGTGGC,3'->5',1,0,0,ATPPAT,https://cov-spectrum.org/explore/World/AllSamples/AllTimes/variants?nucInsertions=ins_20487%3ATGTCGCCGGCGGAGTGGC
ins_20487:TGTCGCCGGCGGAGTGGC,3'->5',0,2,1,PLRRR,https://cov-spectrum.org/explore/World/AllSamples/AllTimes/variants?nucInsertions=ins_20487%3ATGTCGCCGGCGGAGTGGC
ins_27399:GTAGCGGCGAGCGAACAA,3'->5',0,1,0,LFARRY,https://cov-spectrum.org/explore/World/AllSamples/AllTimes/variants?nucInsertions=ins_27399%3AGTAGCGGCGAGCGAACAA
ins_22204:GAGCCACGCCTTTCGGAA,3'->5',0,1,1,SERRG,https://cov-spectrum.org/explore/World/AllSamples/AllTimes/variants?nucInsertions=ins_22204%3AGAGCCACGCCTTTCGGAA
ins_26979:AGATCGGAAGAGCGTCGT,3'->5',0,1,1,RRSSD,https://cov-spectrum.org/explore/World/AllSamples/AllTimes/variants?nucInsertions=ins_26979%3AAGATCGGAAGAGCGTCGT
ins_22714:GATTCTTCTTCAGGTTGG,3'->5',0,1,0,PT*RRI,https://cov-spectrum.org/explore/World/AllSamples/AllTimes/variants?nucInsertions=ins_22714%3AGATTCTTCTTCAGGTTGG
ins_4:AAGACCTTCTAGCACGTG,3'->5',0,1,2,RARRS,https://cov-spectrum.org/explore/World/AllSamples/AllTimes/variants?nucInsertions=ins_4%3AAAGACCTTCTAGCACGTG
ins_3:GACCACGACGCTCTTCCG,3'->5',0,1,2,EERRG,https://cov-spectrum.org/explore/World/AllSamples/AllTimes/variants?nucInsertions=ins_3%3AGACCACGACGCTCTTCCG
ins_23636:GATCGGAAGAGCGTCGTG,3'->5',0,1,2,RRSSD,https://cov-spectrum.org/explore/World/AllSamples/AllTimes/variants?nucInsertions=ins_23636%3AGATCGGAAGAGCGTCGTG
ins_16509:GCGTGTTTCTTCTGCATG,3'->5',0,1,2,CRRNT,https://cov-spectrum.org/explore/World/AllSamples/AllTimes/variants?nucInsertions=ins_16509%3AGCGTGTTTCTTCTGCATG
ins_22208:CAGAAGATCGTCGCGCAT,3'->5',0,1,2,ARRSS,https://cov-spectrum.org/explore/World/AllSamples/AllTimes/variants?nucInsertions=ins_22208%3ACAGAAGATCGTCGCGCAT
ins_23590:CAGACTAATTCTCCTCGG,3'->5',0,1,0,PRRISL,https://cov-spectrum.org/explore/World/AllSamples/AllTimes/variants?nucInsertions=ins_23590%3ACAGACTAATTCTCCTCGG
ins_17:CTGCGTCTGCCGCGC,3'->5',0,1,1,RGRR,https://cov-spectrum.org/explore/World/AllSamples/AllTimes/variants?nucInsertions=ins_17%3ACTGCGTCTGCCGCGC
ins_28894:GCGTCTTGGTTCACC,3'->5',0,1,0,GEPRR,https://cov-spectrum.org/explore/World/AllSamples/AllTimes/variants?nucInsertions=ins_28894%3AGCGTCTTGGTTCACC
ins_23710:GCGCCGATCTAAAGT,3'->5',0,1,0,TLDRR,https://cov-spectrum.org/explore/World/AllSamples/AllTimes/variants?nucInsertions=ins_23710%3AGCGCCGATCTAAAGT
ins_29844:CGCTGCCGACGATGG,3'->5',0,1,1,HRRQ,https://cov-spectrum.org/explore/World/AllSamples/AllTimes/variants?nucInsertions=ins_29844%3ACGCTGCCGACGATGG
ins_29658:ATCCTTCGTGGACAT,3'->5',0,1,1,CPRR,https://cov-spectrum.org/explore/World/AllSamples/AllTimes/variants?nucInsertions=ins_29658%3AATCCTTCGTGGACAT
ins_20490:GAACTCGCCTGCAGT,3'->5',0,1,2,CRRV,https://cov-spectrum.org/explore/World/AllSamples/AllTimes/variants?nucInsertions=ins_20490%3AGAACTCGCCTGCAGT
ins_13:GACTCGCCGTCACTC,3'->5',0,1,0,E*RRV,https://cov-spectrum.org/explore/World/AllSamples/AllTimes/variants?nucInsertions=ins_13%3AGACTCGCCGTCACTC
ins_27569:ACATTCTTCTCAACG,3'->5',0,1,2,LRRM,https://cov-spectrum.org/explore/World/AllSamples/AllTimes/variants?nucInsertions=ins_27569%3AACATTCTTCTCAACG
ins_9:CTGTTGGCGTCGCTC,3'->5',0,1,0,ERRQQ,https://cov-spectrum.org/explore/World/AllSamples/AllTimes/variants?nucInsertions=ins_9%3ACTGTTGGCGTCGCTC
ins_13400:GTCTGCGGTATGTGG,3'->5',0,1,2,TYRR,https://cov-spectrum.org/explore/World/AllSamples/AllTimes/variants?nucInsertions=ins_13400%3AGTCTGCGGTATGTGG
ins_12:TGGAGTGTCTCCTAC,3'->5',0,1,2,RRHS,https://cov-spectrum.org/explore/World/AllSamples/AllTimes/variants?nucInsertions=ins_12%3ATGGAGTGTCTCCTAC
ins_21608:TCATGCCGCCGCTGT,3'->5',0,1,1,QRRH,https://cov-spectrum.org/explore/World/AllSamples/AllTimes/variants?nucInsertions=ins_21608%3ATCATGCCGCCGCTGT
ins_28707:AAACAACGTCGGCCC,3'->5',0,1,1,GRRC,https://cov-spectrum.org/explore/World/AllSamples/AllTimes/variants?nucInsertions=ins_28707%3AAAACAACGTCGGCCC
ins_13:TCGTGCGTTCTCCTC,3'->5',0,1,1,RRTH,https://cov-spectrum.org/explore/World/AllSamples/AllTimes/variants?nucInsertions=ins_13%3ATCGTGCGTTCTCCTC
ins_10:GTCGTCTGTCTGCTG,3'->5',0,1,2,ADRR,https://cov-spectrum.org/explore/World/AllSamples/AllTimes/variants?nucInsertions=ins_10%3AGTCGTCTGTCTGCTG
ins_5:AACAACGTCGGCCCC,3'->5',0,1,2,GRRC,https://cov-spectrum.org/explore/World/AllSamples/AllTimes/variants?nucInsertions=ins_5%3AAACAACGTCGGCCCC
ins_16510:CGTGTTTCTTCTGCA,3'->5',0,1,0,CRRNT,https://cov-spectrum.org/explore/World/AllSamples/AllTimes/variants?nucInsertions=ins_16510%3ACGTGTTTCTTCTGCA
ins_15:TGTCTTCTTCTTGCG,3'->5',0,2,1,ARRR,https://cov-spectrum.org/explore/World/AllSamples/AllTimes/variants?nucInsertions=ins_15%3ATGTCTTCTTCTTGCG
ins_5644:GTCCACAGTACGTCT,3'->5',0,1,0,RRTVD,https://cov-spectrum.org/explore/World/AllSamples/AllTimes/variants?nucInsertions=ins_5644%3AGTCCACAGTACGTCT
ins_20595:CATCTCCGAGCCCAC,3'->5',0,1,1,WARR,https://cov-spectrum.org/explore/World/AllSamples/AllTimes/variants?nucInsertions=ins_20595%3ACATCTCCGAGCCCAC
ins_28882:ATACTGCGTCTTGGT,3'->5',0,1,1,PRRS,https://cov-spectrum.org/explore/World/AllSamples/AllTimes/variants?nucInsertions=ins_28882%3AATACTGCGTCTTGGT
ins_28007:TAATACTGCGTCTTG,3'->5',0,1,2,RRSI,https://cov-spectrum.org/explore/World/AllSamples/AllTimes/variants?nucInsertions=ins_28007%3ATAATACTGCGTCTTG
ins_4:GCATGGCCCCTGCGC,3'->5',0,1,1,RRGH,https://cov-spectrum.org/explore/World/AllSamples/AllTimes/variants?nucInsertions=ins_4%3AGCATGGCCCCTGCGC
ins_19:GCTTCCCGCCCTCCG,3'->5',0,1,0,RRAGS,https://cov-spectrum.org/explore/World/AllSamples/AllTimes/variants?nucInsertions=ins_19%3AGCTTCCCGCCCTCCG
ins_17:GCTCTCTCTCCTTAC,3'->5',0,1,0,VRRES,https://cov-spectrum.org/explore/World/AllSamples/AllTimes/variants?nucInsertions=ins_17%3AGCTCTCTCTCCTTAC
ins_15:TTCGCCGCCCTCCGG,3'->5',0,1,1,RRAA,https://cov-spectrum.org/explore/World/AllSamples/AllTimes/variants?nucInsertions=ins_15%3ATTCGCCGCCCTCCGG
ins_15:TTCGCCGCCCTCCGG,3'->5',0,1,2,GGRR,https://cov-spectrum.org/explore/World/AllSamples/AllTimes/variants?nucInsertions=ins_15%3ATTCGCCGCCCTCCGG
ins_7:AAATTGACCGCCTCA,3'->5',0,1,2,RRSI,https://cov-spectrum.org/explore/World/AllSamples/AllTimes/variants?nucInsertions=ins_7%3AAAATTGACCGCCTCA
ins_27654:TTATTGCTCTTCTGG,3'->5',0,1,2,RRAI,https://cov-spectrum.org/explore/World/AllSamples/AllTimes/variants?nucInsertions=ins_27654%3ATTATTGCTCTTCTGG
ins_29860:TAAGACCTCCTCCAC,3'->5',0,1,1,WRRS,https://cov-spectrum.org/explore/World/AllSamples/AllTimes/variants?nucInsertions=ins_29860%3ATAAGACCTCCTCCAC
ins_29830:TTTTCCTTCTGTCTC,3'->5',0,1,2,DRRK,https://cov-spectrum.org/explore/World/AllSamples/AllTimes/variants?nucInsertions=ins_29830%3ATTTTCCTTCTGTCTC
ins_28977:ACTAATACTGCGTCT,3'->5',0,1,0,RRSIS,https://cov-spectrum.org/explore/World/AllSamples/AllTimes/variants?nucInsertions=ins_28977%3AACTAATACTGCGTCT
ins_2:ACACGACGCTATTCC,3'->5',0,1,1,E*RR,https://cov-spectrum.org/explore/World/AllSamples/AllTimes/variants?nucInsertions=ins_2%3AACACGACGCTATTCC
ins_22204:CAACTGTCGTCG,3'->5',0,1,0,RRQL,https://cov-spectrum.org/explore/World/AllSamples/AllTimes/variants?nucInsertions=ins_22204%3ACAACTGTCGTCG
ins_21608:TCATGCCGCCGT,3'->5',0,1,1,RRH,https://cov-spectrum.org/explore/World/AllSamples/AllTimes/variants?nucInsertions=ins_21608%3ATCATGCCGCCGT
ins_22204:TGGCGGCGGCGG,3'->5',2,0,0,PPPP,https://cov-spectrum.org/explore/World/AllSamples/AllTimes/variants?nucInsertions=ins_22204%3ATGGCGGCGGCGG
ins_22204:TGGCGGCGGCGG,3'->5',0,2,1,RRR,https://cov-spectrum.org/explore/World/AllSamples/AllTimes/variants?nucInsertions=ins_22204%3ATGGCGGCGGCGG
ins_28880:ATACTGCGTCTT,3'->5',0,1,1,RRS,https://cov-spectrum.org/explore/World/AllSamples/AllTimes/variants?nucInsertions=ins_28880%3AATACTGCGTCTT
ins_28377:TTCCCTTCTTCT,3'->5',0,2,0,RRRE,https://cov-spectrum.org/explore/World/AllSamples/AllTimes/variants?nucInsertions=ins_28377%3ATTCCCTTCTTCT
ins_6425:AGTCTTCGCTGG,3'->5',0,1,1,QRR,https://cov-spectrum.org/explore/World/AllSamples/AllTimes/variants?nucInsertions=ins_6425%3AAGTCTTCGCTGG
ins_2219:CCGCTCGCGTCG,3'->5',0,1,0,RRER,https://cov-spectrum.org/explore/World/AllSamples/AllTimes/variants?nucInsertions=ins_2219%3ACCGCTCGCGTCG
ins_26184:CCGCTCGCGTCG,3'->5',0,1,0,RRER,https://cov-spectrum.org/explore/World/AllSamples/AllTimes/variants?nucInsertions=ins_26184%3ACCGCTCGCGTCG
ins_9:TCGCCTGTGTTG,3'->5',0,1,0,QHRR,https://cov-spectrum.org/explore/World/AllSamples/AllTimes/variants?nucInsertions=ins_9%3ATCGCCTGTGTTG
ins_27363:CCGCTCGCGTCG,3'->5',0,1,0,RRER,https://cov-spectrum.org/explore/World/AllSamples/AllTimes/variants?nucInsertions=ins_27363%3ACCGCTCGCGTCG
ins_8100:TCTTCTTTGCTC,3'->5',0,1,0,EQRR,https://cov-spectrum.org/explore/World/AllSamples/AllTimes/variants?nucInsertions=ins_8100%3ATCTTCTTTGCTC
ins_24:CGCGTCTGACAA,3'->5',0,1,2,VRR,https://cov-spectrum.org/explore/World/AllSamples/AllTimes/variants?nucInsertions=ins_24%3ACGCGTCTGACAA
ins_22345:TCGACGGTAGTG,3'->5',0,1,0,HYRR,https://cov-spectrum.org/explore/World/AllSamples/AllTimes/variants?nucInsertions=ins_22345%3ATCGACGGTAGTG
ins_9:ACGGCGCCGATC,3'->5',0,2,0,DRRR,https://cov-spectrum.org/explore/World/AllSamples/AllTimes/variants?nucInsertions=ins_9%3AACGGCGCCGATC
ins_17:CTTGCCTCCGTC,3'->5',0,1,2,RRQ,https://cov-spectrum.org/explore/World/AllSamples/AllTimes/variants?nucInsertions=ins_17%3ACTTGCCTCCGTC
ins_10:GTTCTCCTTGGC,3'->5',0,1,1,PRR,https://cov-spectrum.org/explore/World/AllSamples/AllTimes/variants?nucInsertions=ins_10%3AGTTCTCCTTGGC
ins_16825:TACTCTCCTATT,3'->5',0,1,0,NRRV,https://cov-spectrum.org/explore/World/AllSamples/AllTimes/variants?nucInsertions=ins_16825%3ATACTCTCCTATT
ins_22301:CCCTGCGCGCGG,3'->5',0,1,2,ARR,https://cov-spectrum.org/explore/World/AllSamples/AllTimes/variants?nucInsertions=ins_22301%3ACCCTGCGCGCGG
ins_8577:CAACGCGGCGTG,3'->5',0,1,2,RRV,https://cov-spectrum.org/explore/World/AllSamples/AllTimes/variants?nucInsertions=ins_8577%3ACAACGCGGCGTG
ins_22198:ATGACGCCTGTA,3'->5',0,1,0,YRRH,https://cov-spectrum.org/explore/World/AllSamples/AllTimes/variants?nucInsertions=ins_22198%3AATGACGCCTGTA
ins_22303:TCTACGCTCCGG,3'->5',0,1,0,PERR,https://cov-spectrum.org/explore/World/AllSamples/AllTimes/variants?nucInsertions=ins_22303%3ATCTACGCTCCGG
ins_28:TCACTCTGCGCT,3'->5',0,1,2,RRV,https://cov-spectrum.org/explore/World/AllSamples/AllTimes/variants?nucInsertions=ins_28%3ATCACTCTGCGCT
ins_27750:TTGCTCTTCTGG,3'->5',0,1,2,RRA,https://cov-spectrum.org/explore/World/AllSamples/AllTimes/variants?nucInsertions=ins_27750%3ATTGCTCTTCTGG
ins_22198:ACCCTCGGCGGA,3'->5',1,0,1,PPR,https://cov-spectrum.org/explore/World/AllSamples/AllTimes/variants?nucInsertions=ins_22198%3AACCCTCGGCGGA
ins_22198:ACCCTCGGCGGA,3'->5',0,1,2,RRG,https://cov-spectrum.org/explore/World/AllSamples/AllTimes/variants?nucInsertions=ins_22198%3AACCCTCGGCGGA
ins_11581:GGCGGCGGCGAG,3'->5',1,0,1,SPP,https://cov-spectrum.org/explore/World/AllSamples/AllTimes/variants?nucInsertions=ins_11581%3AGGCGGCGGCGAG
ins_11581:GGCGGCGGCGAG,3'->5',0,2,2,RRR,https://cov-spectrum.org/explore/World/AllSamples/AllTimes/variants?nucInsertions=ins_11581%3AGGCGGCGGCGAG
ins_22204:CACGGGCGGCGG,3'->5',1,0,0,PPPV,https://cov-spectrum.org/explore/World/AllSamples/AllTimes/variants?nucInsertions=ins_22204%3ACACGGGCGGCGG
ins_22204:CACGGGCGGCGG,3'->5',0,1,1,RRP,https://cov-spectrum.org/explore/World/AllSamples/AllTimes/variants?nucInsertions=ins_22204%3ACACGGGCGGCGG
ins_21608:TCACGCCGCTGT,3'->5',0,1,1,QRR,https://cov-spectrum.org/explore/World/AllSamples/AllTimes/variants?nucInsertions=ins_21608%3ATCACGCCGCTGT
ins_3639:GGGGCCGACGTT,3'->5',0,1,2,RRP,https://cov-spectrum.org/explore/World/AllSamples/AllTimes/variants?nucInsertions=ins_3639%3AGGGGCCGACGTT
ins_20484:GCCTTCGCCCCG,3'->5',0,1,2,GRR,https://cov-spectrum.org/explore/World/AllSamples/AllTimes/variants?nucInsertions=ins_20484%3AGCCTTCGCCCCG
ins_21608:TCACGCCGCTGC,3'->5',0,1,1,QRR,https://cov-spectrum.org/explore/World/AllSamples/AllTimes/variants?nucInsertions=ins_21608%3ATCACGCCGCTGC
ins_22198:CGGGCGACGCGG,3'->5',0,1,0,PRRP,https://cov-spectrum.org/explore/World/AllSamples/AllTimes/variants?nucInsertions=ins_22198%3ACGGGCGACGCGG
ins_29861:AAATCAGCGTCT,3'->5',0,1,0,RR*F,https://cov-spectrum.org/explore/World/AllSamples/AllTimes/variants?nucInsertions=ins_29861%3AAAATCAGCGTCT
ins_25076:CCGCCGCTAACC,3'->5',0,1,0,G*RR,https://cov-spectrum.org/explore/World/AllSamples/AllTimes/variants?nucInsertions=ins_25076%3ACCGCCGCTAACC
ins_2167:ACGCGCCTCCGG,3'->5',0,2,1,RRR,https://cov-spectrum.org/explore/World/AllSamples/AllTimes/variants?nucInsertions=ins_2167%3AACGCGCCTCCGG
ins_15:TTGCTGCCGTCT,3'->5',0,1,0,RRQQ,https://cov-spectrum.org/explore/World/AllSamples/AllTimes/variants?nucInsertions=ins_15%3ATTGCTGCCGTCT
ins_23593:ACCTTCTCCCGG,3'->5',0,1,2,GRR,https://cov-spectrum.org/explore/World/AllSamples/AllTimes/variants?nucInsertions=ins_23593%3AACCTTCTCCCGG
ins_23595:GAGTTCGCCTGT,3'->5',0,1,2,RRT,https://cov-spectrum.org/explore/World/AllSamples/AllTimes/variants?nucInsertions=ins_23595%3AGAGTTCGCCTGT
ins_27748:CCTTGCTCTTCT,3'->5',0,1,0,RRAR,https://cov-spectrum.org/explore/World/AllSamples/AllTimes/variants?nucInsertions=ins_27748%3ACCTTGCTCTTCT
ins_16:CCGCTCGCCGGA,3'->5',0,1,2,RRA,https://cov-spectrum.org/explore/World/AllSamples/AllTimes/variants?nucInsertions=ins_16%3ACCGCTCGCCGGA
ins_27297:AAAGGCGACGGC,3'->5',0,1,2,RRL,https://cov-spectrum.org/explore/World/AllSamples/AllTimes/variants?nucInsertions=ins_27297%3AAAAGGCGACGGC
ins_25674:TTCTTCTCTGGA,3'->5',0,1,2,QRR,https://cov-spectrum.org/explore/World/AllSamples/AllTimes/variants?nucInsertions=ins_25674%3ATTCTTCTCTGGA
ins_6064:TCGCCGGCGGCT,3'->5',0,2,0,SRRR,https://cov-spectrum.org/explore/World/AllSamples/AllTimes/variants?nucInsertions=ins_6064%3ATCGCCGGCGGCT
ins_6064:TCGCCGGCGGCT,3'->5',1,0,2,PPA,https://cov-spectrum.org/explore/World/AllSamples/AllTimes/variants?nucInsertions=ins_6064%3ATCGCCGGCGGCT
ins_18:GCGCCTCCGCCC,3'->5',0,2,0,GRRR,https://cov-spectrum.org/explore/World/AllSamples/AllTimes/variants?nucInsertions=ins_18%3AGCGCCTCCGCCC
ins_13:TTTCTCTCCGCC,3'->5',0,1,2,RRE,https://cov-spectrum.org/explore/World/AllSamples/AllTimes/variants?nucInsertions=ins_13%3ATTTCTCTCCGCC
ins_26510:TAGCCTGCGAAG,3'->5',0,1,0,LRRL,https://cov-spectrum.org/explore/World/AllSamples/AllTimes/variants?nucInsertions=ins_26510%3ATAGCCTGCGAAG
ins_22198:GCAGCGGCGATG,3'->5',0,1,0,HRRC,https://cov-spectrum.org/explore/World/AllSamples/AllTimes/variants?nucInsertions=ins_22198%3AGCAGCGGCGATG
ins_27297:AAATTTTCTCCG,3'->5',0,1,0,RRKF,https://cov-spectrum.org/explore/World/AllSamples/AllTimes/variants?nucInsertions=ins_27297%3AAAATTTTCTCCG
ins_19:GGGTGCTCTCCT,3'->5',0,1,0,RRAP,https://cov-spectrum.org/explore/World/AllSamples/AllTimes/variants?nucInsertions=ins_19%3AGGGTGCTCTCCT
ins_29788:TTACCTCCTGAG,3'->5',0,1,0,LRR*,https://cov-spectrum.org/explore/World/AllSamples/AllTimes/variants?nucInsertions=ins_29788%3ATTACCTCCTGAG
ins_15:TCCGCCTGTCTG,3'->5',0,1,2,DRR,https://cov-spectrum.org/explore/World/AllSamples/AllTimes/variants?nucInsertions=ins_15%3ATCCGCCTGTCTG
ins_6440:GGAGCGTCGGGC,3'->5',0,1,0,ARRS,https://cov-spectrum.org/explore/World/AllSamples/AllTimes/variants?nucInsertions=ins_6440%3AGGAGCGTCGGGC
